intercept,slope
8499.46969445676,-0.021447727678802538
